-- MySQL dump 10.11
--
-- Host: localhost    Database: beartrail
-- ------------------------------------------------------
-- Server version	5.0.67-0ubuntu6

/*!40101 SET @OLD_CHARACTER_SET_CLIENT=@@CHARACTER_SET_CLIENT */;
/*!40101 SET @OLD_CHARACTER_SET_RESULTS=@@CHARACTER_SET_RESULTS */;
/*!40101 SET @OLD_COLLATION_CONNECTION=@@COLLATION_CONNECTION */;
/*!40101 SET NAMES utf8 */;
/*!40103 SET @OLD_TIME_ZONE=@@TIME_ZONE */;
/*!40103 SET TIME_ZONE='+00:00' */;
/*!40014 SET @OLD_UNIQUE_CHECKS=@@UNIQUE_CHECKS, UNIQUE_CHECKS=0 */;
/*!40014 SET @OLD_FOREIGN_KEY_CHECKS=@@FOREIGN_KEY_CHECKS, FOREIGN_KEY_CHECKS=0 */;
/*!40101 SET @OLD_SQL_MODE=@@SQL_MODE, SQL_MODE='NO_AUTO_VALUE_ON_ZERO' */;
/*!40111 SET @OLD_SQL_NOTES=@@SQL_NOTES, SQL_NOTES=0 */;

--
-- Current Database: `beartrail`
--

CREATE DATABASE /*!32312 IF NOT EXISTS*/ `beartrail` /*!40100 DEFAULT CHARACTER SET latin1 */;

USE `beartrail`;

--
-- Table structure for table `events`
--

DROP TABLE IF EXISTS `events`;
SET @saved_cs_client     = @@character_set_client;
SET character_set_client = utf8;
CREATE TABLE `events` (
  `event_id` int(10) unsigned NOT NULL auto_increment,
  `event_string` varchar(255) NOT NULL COMMENT 'replace X with value generated by program',
  `no_move_turns` tinyint(1) NOT NULL default '0' COMMENT 'if this is set, lose some amount of turns (generally 1-3)',
  `health_change` tinyint(4) NOT NULL default '0' COMMENT 'negative numbers mean get sick, positive means get better',
  `person_dies` tinyint(1) NOT NULL default '0' COMMENT 'people die from this event only if sick',
  `wagon_damaged` tinyint(1) NOT NULL default '0',
  `give_food` tinyint(1) NOT NULL default '0' COMMENT 'First Nation hunting party feels sad for you',
  `stolen_item` tinyint(1) NOT NULL default '0' COMMENT 'randomly lose some item (10% of food clothes or ammo or 1 of a repair item, to be determined in program)',
  `oxen_tired` tinyint(1) NOT NULL default '0' COMMENT 'available if grueling pace or steady pace for 10 days without rest, reduce chance of this happening for farmer',
  `ox_dies` tinyint(1) NOT NULL default '0' COMMENT 'chance reduced for farmer',
  PRIMARY KEY  (`event_id`)
) ENGINE=MyISAM AUTO_INCREMENT=13 DEFAULT CHARSET=latin1;
SET character_set_client = @saved_cs_client;

--
-- Dumping data for table `events`
--

LOCK TABLES `events` WRITE;
/*!40000 ALTER TABLE `events` DISABLE KEYS */;
INSERT INTO `events` VALUES (1,'Severe storms, lose X days',1,0,0,0,0,0,0,0),(2,'X is ill.',0,-1,0,0,0,0,0,0),(3,'X has died.',0,0,1,0,0,0,0,0),(4,'X has recovered.',0,1,0,0,0,0,0,0),(5,'Wagon is damaged, requires X to fix.',0,0,0,1,0,0,0,0),(6,'Wandering UGA grad steals X from wagon.',0,0,0,0,0,1,0,0),(8,'First Nation hunting party feels sorry for you, gives you X food.',0,0,0,0,1,0,0,0),(10,'An ox has died.',0,0,0,0,0,0,0,1),(11,'Oxen are tired.',0,0,0,0,0,0,1,0),(12,'X has recovered.',0,2,0,0,0,0,0,0);
/*!40000 ALTER TABLE `events` ENABLE KEYS */;
UNLOCK TABLES;

--
-- Table structure for table `gamedata`
--

DROP TABLE IF EXISTS `gamedata`;
SET @saved_cs_client     = @@character_set_client;
SET character_set_client = utf8;
CREATE TABLE `gamedata` (
  `wagon_id` int(10) unsigned NOT NULL,
  `user_id` int(10) unsigned NOT NULL,
  `prof_id` int(10) unsigned NOT NULL,
  `route` enum('normal','bridger') NOT NULL default 'normal',
  `turns_taken` int(10) unsigned NOT NULL default '0',
  `miles_traveled` int(10) unsigned NOT NULL default '0',
  `date` date NOT NULL default '1848-05-01',
  `last_location` int(11) NOT NULL default '1',
  `game_end` tinyint(1) NOT NULL default '0',
  `game_won` tinyint(1) NOT NULL default '0',
  PRIMARY KEY  (`wagon_id`)
) ENGINE=MyISAM DEFAULT CHARSET=latin1;
SET character_set_client = @saved_cs_client;

--
-- Dumping data for table `gamedata`
--

LOCK TABLES `gamedata` WRITE;
/*!40000 ALTER TABLE `gamedata` DISABLE KEYS */;
INSERT INTO `gamedata` VALUES (1,1,2,'normal',0,0,'1848-05-01',1,0,0),(2,1,1,'normal',0,0,'1848-05-01',1,0,0),(3,1,1,'normal',69,1107,'1848-07-09',17,1,0),(4,1,1,'normal',0,0,'1848-05-01',1,1,0),(5,1,1,'normal',0,0,'1848-05-01',1,1,0),(6,1,1,'normal',12,213,'1848-05-13',3,1,0),(7,1,1,'normal',83,1333,'1848-07-23',11,1,0),(8,1,1,'normal',43,740,'1848-06-13',6,1,0),(9,1,1,'normal',107,1729,'1848-08-16',13,1,0),(10,1,1,'normal',0,0,'1848-05-01',1,1,0),(11,1,1,'normal',0,0,'1848-05-01',1,1,0),(12,1,1,'normal',85,1383,'1848-07-25',11,1,0),(13,1,1,'normal',36,740,'1848-06-06',6,1,0),(14,1,1,'normal',93,1714,'1848-08-02',14,1,1),(15,1,3,'normal',85,1717,'1848-07-25',16,1,1),(16,1,3,'normal',87,1717,'1848-07-27',16,1,1),(17,1,1,'normal',7,80,'1848-05-08',1,1,0),(18,1,3,'normal',10,130,'1848-05-11',2,0,0),(19,1,1,'normal',11,130,'1848-05-12',2,0,0);
/*!40000 ALTER TABLE `gamedata` ENABLE KEYS */;
UNLOCK TABLES;

--
-- Table structure for table `itemdata`
--

DROP TABLE IF EXISTS `itemdata`;
SET @saved_cs_client     = @@character_set_client;
SET character_set_client = utf8;
CREATE TABLE `itemdata` (
  `item_id` int(10) unsigned NOT NULL auto_increment,
  `item_name` varchar(20) NOT NULL,
  `weight` int(10) unsigned NOT NULL default '0',
  PRIMARY KEY  (`item_id`)
) ENGINE=MyISAM AUTO_INCREMENT=9 DEFAULT CHARSET=latin1;
SET character_set_client = @saved_cs_client;

--
-- Dumping data for table `itemdata`
--

LOCK TABLES `itemdata` WRITE;
/*!40000 ALTER TABLE `itemdata` DISABLE KEYS */;
INSERT INTO `itemdata` VALUES (1,'Money',0),(2,'Oxen',0),(3,'Food',1),(4,'Clothes',2),(5,'Ammo',3),(6,'Wheel',75),(7,'Axle',125),(8,'Tongue',100);
/*!40000 ALTER TABLE `itemdata` ENABLE KEYS */;
UNLOCK TABLES;

--
-- Table structure for table `items`
--

DROP TABLE IF EXISTS `items`;
SET @saved_cs_client     = @@character_set_client;
SET character_set_client = utf8;
CREATE TABLE `items` (
  `wagon_id` int(10) unsigned NOT NULL,
  `item_id` int(10) unsigned NOT NULL,
  `item_quantity` float unsigned NOT NULL,
  PRIMARY KEY  (`wagon_id`,`item_id`)
) ENGINE=MyISAM DEFAULT CHARSET=latin1;
SET character_set_client = @saved_cs_client;

--
-- Dumping data for table `items`
--

LOCK TABLES `items` WRITE;
/*!40000 ALTER TABLE `items` DISABLE KEYS */;
INSERT INTO `items` VALUES (1,1,500),(1,2,10),(1,3,100),(1,4,8),(1,5,200),(1,6,1),(1,7,2),(1,8,3),(2,1,500),(2,2,10),(2,3,100),(2,4,8),(2,5,200),(2,6,1),(2,7,2),(2,8,3),(3,1,0),(3,2,22),(3,3,1517),(3,4,9),(3,5,84),(3,6,0),(3,7,2),(3,8,2),(4,1,1600),(4,2,0),(4,3,0),(4,4,0),(4,5,0),(4,6,0),(4,7,0),(4,8,0),(5,1,1600),(5,2,0),(5,3,0),(5,4,0),(5,5,0),(5,6,0),(5,7,0),(5,8,0),(6,1,0),(6,2,45),(6,3,950),(6,4,10),(6,5,100),(6,6,8),(6,7,5),(6,8,4),(7,1,50),(7,2,36),(7,3,975),(7,4,10),(7,5,49),(7,6,4),(7,7,5),(7,8,0),(8,1,120),(8,2,40),(8,3,822),(8,4,10),(8,5,35),(8,6,8),(8,7,0),(8,8,5),(9,1,45),(9,2,28),(9,3,1318),(9,4,9),(9,5,38),(9,6,5),(9,7,2),(9,8,3),(10,1,1600),(10,2,0),(10,3,0),(10,4,0),(10,5,0),(10,6,0),(10,7,0),(10,8,0),(11,1,1600),(11,2,0),(11,3,0),(11,4,0),(11,5,0),(11,6,0),(11,7,0),(11,8,0),(12,1,10),(12,2,39),(12,3,1241),(12,4,0),(12,5,40),(12,6,6),(12,7,6),(12,8,2),(13,1,50),(13,2,39),(13,3,1012),(13,4,10),(13,5,40),(13,6,10),(13,7,6),(13,8,6),(14,1,0),(14,2,29),(14,3,684),(14,4,4),(14,5,34),(14,6,3),(14,7,6),(14,8,2),(15,1,0),(15,2,10),(15,3,22),(15,4,3),(15,5,0),(15,6,5),(15,7,5),(15,8,5),(16,1,0),(16,2,7),(16,3,236),(16,4,0),(16,5,0),(16,6,1),(16,7,3),(16,8,2),(17,1,160),(17,2,44),(17,3,869),(17,4,15),(17,5,29),(17,6,0),(17,7,4),(17,8,10),(18,1,10),(18,2,9),(18,3,100),(18,4,0),(18,5,0),(18,6,5),(18,7,5),(18,8,4),(19,1,100),(19,2,45),(19,3,890),(19,4,10),(19,5,40),(19,6,9),(19,7,6),(19,8,6);
/*!40000 ALTER TABLE `items` ENABLE KEYS */;
UNLOCK TABLES;

--
-- Table structure for table `locations`
--

DROP TABLE IF EXISTS `locations`;
SET @saved_cs_client     = @@character_set_client;
SET character_set_client = utf8;
CREATE TABLE `locations` (
  `loc_id` int(10) unsigned NOT NULL auto_increment,
  `loc_name` varchar(20) NOT NULL,
  `distance` int(10) unsigned NOT NULL default '0',
  `bridger_distance` int(10) unsigned NOT NULL default '0' COMMENT 'Distances along the trail if you go to Fort Bridger',
  `next` int(10) NOT NULL,
  `next_bridger` int(10) NOT NULL,
  `has_store` tinyint(1) NOT NULL default '0',
  `has_river` tinyint(1) NOT NULL default '0',
  `columbia_event` tinyint(1) NOT NULL default '0' COMMENT 'If you take shortcut to Dulles at Blue Mountains, start the rafting game.',
  PRIMARY KEY  (`loc_id`),
  UNIQUE KEY `distance` (`distance`),
  UNIQUE KEY `bridger_distance` (`bridger_distance`)
) ENGINE=MyISAM AUTO_INCREMENT=18 DEFAULT CHARSET=latin1;
SET character_set_client = @saved_cs_client;

--
-- Dumping data for table `locations`
--

LOCK TABLES `locations` WRITE;
/*!40000 ALTER TABLE `locations` DISABLE KEYS */;
INSERT INTO `locations` VALUES (1,'Independence',0,0,2,2,1,0,0),(2,'Kansas River',102,102,3,3,0,1,0),(3,'Big Blue',185,185,4,4,0,1,0),(4,'Fort Kearny',304,304,5,5,1,0,0),(5,'Chimney Rock',554,554,6,6,0,0,0),(6,'Fort Laramie',640,640,7,7,1,0,0),(7,'Independence Rock',830,830,8,8,0,0,0),(8,'South Pass',932,932,17,9,0,0,0),(9,'Fort Bridger',9999,989,17,17,1,0,0),(10,'Soda Springs',1201,1295,11,11,0,0,0),(11,'Fort Hall',1258,1395,12,12,1,0,0),(12,'Snake River Crossing',1440,1534,13,13,0,1,0),(13,'Fort Boise',1554,1648,14,14,1,0,0),(14,'Blue Mountains',1714,1808,15,15,0,0,1),(15,'Fort Walla Walla',1769,1863,16,16,1,0,0),(16,'Dalles',1717,1983,0,0,0,0,1),(17,'Green River Crossing',1057,1151,10,10,0,1,0);
/*!40000 ALTER TABLE `locations` ENABLE KEYS */;
UNLOCK TABLES;

--
-- Table structure for table `people`
--

DROP TABLE IF EXISTS `people`;
SET @saved_cs_client     = @@character_set_client;
SET character_set_client = utf8;
CREATE TABLE `people` (
  `people_id` int(10) unsigned NOT NULL auto_increment,
  `leader_id` int(10) unsigned default NULL,
  `person_2_id` int(10) unsigned default NULL,
  `person_3_id` int(10) unsigned default NULL,
  `person_4_id` int(10) unsigned default NULL,
  `person_5_id` int(10) unsigned default NULL,
  PRIMARY KEY  (`people_id`)
) ENGINE=MyISAM AUTO_INCREMENT=20 DEFAULT CHARSET=latin1;
SET character_set_client = @saved_cs_client;

--
-- Dumping data for table `people`
--

LOCK TABLES `people` WRITE;
/*!40000 ALTER TABLE `people` DISABLE KEYS */;
INSERT INTO `people` VALUES (1,1,2,3,4,5),(2,6,7,8,9,10),(3,12,13,14,15,16),(4,17,18,19,20,21),(5,22,23,24,25,26),(6,27,28,29,30,31),(7,32,33,34,35,36),(8,37,38,39,40,41),(9,42,43,44,45,46),(10,47,48,49,50,51),(11,52,53,54,55,56),(12,57,58,59,60,61),(13,62,63,64,65,66),(14,67,68,69,70,71),(15,72,73,74,75,76),(16,77,78,79,80,81),(17,82,83,84,85,86),(18,87,88,89,90,91),(19,92,93,94,95,96);
/*!40000 ALTER TABLE `people` ENABLE KEYS */;
UNLOCK TABLES;

--
-- Table structure for table `person`
--

DROP TABLE IF EXISTS `person`;
SET @saved_cs_client     = @@character_set_client;
SET character_set_client = utf8;
CREATE TABLE `person` (
  `person_id` int(10) unsigned NOT NULL auto_increment,
  `name` varchar(20) NOT NULL,
  `health` enum('good','fair','poor','dead') NOT NULL default 'good',
  `days_starving` int(10) unsigned NOT NULL default '0',
  PRIMARY KEY  (`person_id`)
) ENGINE=MyISAM AUTO_INCREMENT=97 DEFAULT CHARSET=latin1;
SET character_set_client = @saved_cs_client;

--
-- Dumping data for table `person`
--

LOCK TABLES `person` WRITE;
/*!40000 ALTER TABLE `person` DISABLE KEYS */;
INSERT INTO `person` VALUES (1,'Bob','good',0),(2,'Ann','fair',0),(3,'Fred','good',0),(4,'Hank','poor',0),(5,'Sarah','good',0),(8,'Fred','good',0),(7,'Ann','good',0),(6,'Bob','good',0),(9,'Joe','good',0),(10,'Lisa','good',0),(11,'Matt','good',0),(12,'asdf','good',0),(13,'asdf','dead',0),(14,'asdf','poor',0),(15,'asdf','dead',0),(16,'asdf','good',0),(17,'1','good',0),(18,'2','good',0),(19,'3','good',0),(20,'4','good',0),(21,'5','good',0),(22,'a','good',0),(23,'b','good',0),(24,'c','good',0),(25,'d','good',0),(26,'e','good',0),(27,'alpha','dead',10),(28,'bravo','dead',10),(29,'charlie','dead',10),(30,'delta','dead',10),(31,'echo','dead',10),(32,'1','fair',0),(33,'2','dead',0),(34,'3','dead',0),(35,'4','dead',0),(36,'5','dead',0),(37,'a','dead',0),(38,'b','dead',0),(39,'c','fair',0),(40,'d','good',0),(41,'e','good',0),(42,'1','dead',0),(43,'2','dead',0),(44,'3','dead',0),(45,'4','dead',0),(46,'5','dead',0),(47,'A','good',0),(48,'B','good',0),(49,'C','good',0),(50,'D','good',0),(51,'E','good',0),(52,'A','good',0),(53,'B','good',0),(54,'C','good',0),(55,'D','good',0),(56,'E','good',0),(57,'1','dead',0),(58,'2','dead',0),(59,'3','dead',0),(60,'4','dead',0),(61,'5','dead',0),(62,'1','dead',0),(63,'2','dead',0),(64,'3','dead',0),(65,'4','dead',0),(66,'5','dead',0),(67,'1','good',0),(68,'2','good',0),(69,'3','dead',0),(70,'4','good',0),(71,'5','good',0),(72,'1','dead',0),(73,'2','good',0),(74,'3','good',0),(75,'4','good',0),(76,'5','good',0),(77,'1','dead',0),(78,'2','good',0),(79,'3','good',0),(80,'4','good',0),(81,'5','dead',0),(82,'Bob','good',0),(83,'BOBO','good',0),(84,'BOBOB','good',0),(85,'BOBOBOB','good',0),(86,'BOBOBOBOBOB','good',0),(87,'A','good',0),(88,'B','good',0),(89,'C','good',0),(90,'D','good',0),(91,'E','good',0),(92,'1','good',0),(93,'2','good',0),(94,'3','good',0),(95,'4','good',0),(96,'5','good',0);
/*!40000 ALTER TABLE `person` ENABLE KEYS */;
UNLOCK TABLES;

--
-- Table structure for table `professions`
--

DROP TABLE IF EXISTS `professions`;
SET @saved_cs_client     = @@character_set_client;
SET character_set_client = utf8;
CREATE TABLE `professions` (
  `prof_id` int(10) unsigned NOT NULL auto_increment,
  `prof_name` varchar(20) NOT NULL,
  `starting_money` int(10) unsigned NOT NULL default '0',
  `can_repair` tinyint(1) NOT NULL default '0' COMMENT 'Carpenters can repair wagon without parts at expense of time',
  `can_forage` tinyint(1) NOT NULL default '0' COMMENT 'Farmers can forage for food, effectively letting them hunt without ammo.',
  `can_heal_oxen` tinyint(1) NOT NULL default '0' COMMENT 'Farmers can also prevent oxen from getting tired/die',
  PRIMARY KEY  (`prof_id`),
  UNIQUE KEY `prof_name` (`prof_name`)
) ENGINE=MyISAM AUTO_INCREMENT=4 DEFAULT CHARSET=latin1;
SET character_set_client = @saved_cs_client;

--
-- Dumping data for table `professions`
--

LOCK TABLES `professions` WRITE;
/*!40000 ALTER TABLE `professions` DISABLE KEYS */;
INSERT INTO `professions` VALUES (1,'Banker',1600,0,0,0),(2,'Carpenter',800,1,0,0),(3,'Farmer',400,0,1,1);
/*!40000 ALTER TABLE `professions` ENABLE KEYS */;
UNLOCK TABLES;

--
-- Table structure for table `rivers`
--

DROP TABLE IF EXISTS `rivers`;
SET @saved_cs_client     = @@character_set_client;
SET character_set_client = utf8;
CREATE TABLE `rivers` (
  `loc_id` int(10) unsigned NOT NULL,
  `has_ferry` tinyint(1) NOT NULL default '0',
  `min_depth` tinyint(3) unsigned NOT NULL default '2',
  `max_depth` tinyint(3) unsigned NOT NULL default '10',
  PRIMARY KEY  (`loc_id`)
) ENGINE=MyISAM DEFAULT CHARSET=latin1;
SET character_set_client = @saved_cs_client;

--
-- Dumping data for table `rivers`
--

LOCK TABLES `rivers` WRITE;
/*!40000 ALTER TABLE `rivers` DISABLE KEYS */;
INSERT INTO `rivers` VALUES (2,1,6,10),(3,0,2,4),(12,0,4,8),(17,1,10,20);
/*!40000 ALTER TABLE `rivers` ENABLE KEYS */;
UNLOCK TABLES;

--
-- Table structure for table `stores`
--

DROP TABLE IF EXISTS `stores`;
SET @saved_cs_client     = @@character_set_client;
SET character_set_client = utf8;
CREATE TABLE `stores` (
  `loc_id` int(10) unsigned NOT NULL,
  `item_id` int(10) unsigned NOT NULL,
  `item_price` float unsigned NOT NULL,
  PRIMARY KEY  (`loc_id`,`item_id`)
) ENGINE=MyISAM DEFAULT CHARSET=latin1;
SET character_set_client = @saved_cs_client;

--
-- Dumping data for table `stores`
--

LOCK TABLES `stores` WRITE;
/*!40000 ALTER TABLE `stores` DISABLE KEYS */;
INSERT INTO `stores` VALUES (1,2,20),(1,4,10),(1,5,2),(1,6,10),(1,7,10),(1,8,10),(1,3,0.2),(4,2,25),(4,4,12.5),(4,5,2.5),(4,6,12.5),(4,7,12.5),(4,8,12.5),(4,3,0.25),(6,2,30),(6,4,15),(6,5,3),(6,6,15),(6,7,15),(6,8,15),(6,3,0.3),(11,2,40),(11,4,20),(11,5,4),(11,6,20),(11,7,20),(11,8,20),(11,3,0.4),(13,8,22.5),(13,7,22.5),(13,6,22.5),(13,5,4.5),(13,4,22.5),(13,2,45),(13,3,0.45),(15,2,50),(15,4,25),(15,5,5),(15,6,25),(15,7,25),(15,8,25),(15,3,0.5),(9,2,35),(9,4,17.5),(9,5,3.5),(9,6,17.5),(9,7,17.5),(9,8,17.5),(9,3,0.35);
/*!40000 ALTER TABLE `stores` ENABLE KEYS */;
UNLOCK TABLES;

--
-- Table structure for table `users`
--

DROP TABLE IF EXISTS `users`;
SET @saved_cs_client     = @@character_set_client;
SET character_set_client = utf8;
CREATE TABLE `users` (
  `username` varchar(20) NOT NULL,
  `pass` varchar(20) NOT NULL,
  `user_id` int(11) unsigned NOT NULL auto_increment,
  `logged_in` tinyint(1) NOT NULL default '0',
  PRIMARY KEY  (`user_id`),
  UNIQUE KEY `username` (`username`)
) ENGINE=MyISAM AUTO_INCREMENT=14 DEFAULT CHARSET=latin1;
SET character_set_client = @saved_cs_client;

--
-- Dumping data for table `users`
--

LOCK TABLES `users` WRITE;
/*!40000 ALTER TABLE `users` DISABLE KEYS */;
INSERT INTO `users` VALUES ('bob','123foo',1,0),('fred','123456',13,0);
/*!40000 ALTER TABLE `users` ENABLE KEYS */;
UNLOCK TABLES;

--
-- Table structure for table `wagons`
--

DROP TABLE IF EXISTS `wagons`;
SET @saved_cs_client     = @@character_set_client;
SET character_set_client = utf8;
CREATE TABLE `wagons` (
  `wagon_id` int(10) unsigned NOT NULL auto_increment,
  `people_id` int(10) unsigned NOT NULL,
  `wagon_pace` enum('stopped','leisurely','steady','grueling') NOT NULL default 'steady',
  `ration` enum('none','barebones','meager','normal','wellfed') NOT NULL default 'normal',
  `no_move_turns` int(10) unsigned NOT NULL,
  `oxen_health` enum('good','bad') NOT NULL default 'good',
  `oxen_tired_days` int(10) unsigned NOT NULL default '0',
  PRIMARY KEY  (`wagon_id`),
  UNIQUE KEY `people_id` (`people_id`)
) ENGINE=MyISAM AUTO_INCREMENT=20 DEFAULT CHARSET=latin1;
SET character_set_client = @saved_cs_client;

--
-- Dumping data for table `wagons`
--

LOCK TABLES `wagons` WRITE;
/*!40000 ALTER TABLE `wagons` DISABLE KEYS */;
INSERT INTO `wagons` VALUES (1,1,'steady','normal',8,'good',0),(2,2,'steady','normal',0,'good',0),(3,3,'grueling','meager',0,'good',0),(4,4,'steady','normal',0,'good',0),(5,5,'steady','normal',0,'good',0),(6,6,'grueling','none',0,'good',0),(7,7,'grueling','meager',0,'good',0),(8,8,'grueling','meager',1,'good',0),(9,9,'grueling','meager',0,'good',0),(10,10,'steady','normal',0,'good',0),(11,11,'steady','normal',0,'good',0),(12,12,'grueling','meager',0,'good',0),(13,13,'grueling','meager',0,'good',0),(14,14,'stopped','meager',0,'good',0),(15,15,'stopped','meager',0,'good',0),(16,16,'stopped','meager',0,'good',0),(17,17,'steady','normal',0,'good',0),(18,18,'grueling','meager',0,'good',0),(19,19,'grueling','meager',0,'good',0);
/*!40000 ALTER TABLE `wagons` ENABLE KEYS */;
UNLOCK TABLES;
/*!40103 SET TIME_ZONE=@OLD_TIME_ZONE */;

/*!40101 SET SQL_MODE=@OLD_SQL_MODE */;
/*!40014 SET FOREIGN_KEY_CHECKS=@OLD_FOREIGN_KEY_CHECKS */;
/*!40014 SET UNIQUE_CHECKS=@OLD_UNIQUE_CHECKS */;
/*!40101 SET CHARACTER_SET_CLIENT=@OLD_CHARACTER_SET_CLIENT */;
/*!40101 SET CHARACTER_SET_RESULTS=@OLD_CHARACTER_SET_RESULTS */;
/*!40101 SET COLLATION_CONNECTION=@OLD_COLLATION_CONNECTION */;
/*!40111 SET SQL_NOTES=@OLD_SQL_NOTES */;

-- Dump completed on 2009-04-16 22:12:21
